Length,CornerCount,StraightCount,LongestStraight,AverageStraightLength,AverageRadius,MinimumRadius,MaximumRadius,CornerDensity,DirectionChanges,Hairpins,Chicanes,FastCorners,MediumCorners,SlowCorners,TechnicalSectionLength,HighSpeedSectionLength,CurvatureVariance,AverageCornerAngle,ConsecutiveCornerCount,DifficultyScore,OvertakingScore,FlowScore,TechnicalityScore,HighSpeedScore,BrakingDemandScore,TyreStressScore,AerodynamicDemandScore,CircuitQualityScore
5035.781317660621,7,7,1290.2092065053673,363.43504129030055,94.81443868228999,59.76242278373384,149.14888843946548,1.3900524185692518,4,0,0,0,2,5,1990.404039882331,2544.045289032104,1153.3785351988672,194.33159347043062,1,27.26943237911251,100.0,100.0,30.800299534681443,100.0,10.0,31.0989010989011,13.846153846153847,62.717697557587776
5024.939157695143,6,6,905.4817862452554,390.34177431236066,70.99147305646441,54.0155338341063,99.3787676748376,1.1940443081408574,2,0,0,0,0,6,2682.8885118209773,2342.050645874164,192.0499238871671,171.34563197006514,0,13.823247339003297,96.82012758894683,97.61191138371828,13.965967475090615,91.59279436133923,10.0,9.230769230769232,3.076923076923077,52.03115569441111
8254.476542519109,0,1,8254.476542519109,8254.476542519109,1000.0,1000.0,1000.0,0.0,0,0,0,0,0,0,0.0,8254.476542519109,0.0,0.0,0,0.0,100.0,100.0,0.0,100.0,0.0,0.0,0.0,47.0
5030.093663596631,9,9,536.5008284857279,263.73219273006424,84.45960717246044,53.443469776539715,127.43311822886838,1.789231096258513,6,0,0,0,0,9,2656.503929026054,2373.589734570578,817.4924133976289,117.67193295674396,1,33.42011960099428,50.226249653742464,100.0,40.22417769290579,67.41458502665624,0.0,21.96581196581197,16.923076923076923,51.36658858729828
3650.305099812827,0,1,3650.305099812827,3650.305099812827,1000.0,1000.0,1000.0,0.0,0,0,0,0,0,0,0.0,3650.305099812827,0.0,0.0,0,0.0,100.0,100.0,0.0,100.0,0.0,0.0,0.0,47.0
5028.942558426994,6,6,803.9666357333483,240.04063094286843,75.42595379187175,52.96447077790369,169.13763709651334,1.1930937628121852,4,0,0,0,1,5,3354.6606683136356,1440.2437856572105,1790.1043598105032,163.493104030877,1,25.35805293389302,77.66428350476298,100.0,29.674821501783917,72.80102619098602,10.0,25.897435897435894,13.846153846153847,51.47132889749303
7907.449959670854,0,1,7907.449959670854,7907.449959670854,1000.0,1000.0,1000.0,0.0,0,0,0,0,0,0,0.0,7907.449959670854,0.0,0.0,0,0.0,100.0,100.0,0.0,100.0,0.0,0.0,0.0,47.0
5028.171601962496,3,3,1738.656309902641,1030.2378248574435,114.07066054234423,61.32278511109608,195.8125512514112,0.5966383483867376,0,0,0,0,1,2,1898.7786428383633,3090.7134745723306,3434.909327044638,129.5964955304123,0,5.75630133994899,100.0,98.80672330322652,3.4093619907813575,100.0,10.0,43.07692307692308,0.0,52.819572214561944
5038.361024222597,6,6,900.1137074361451,514.274940561484,120.54815040424427,81.7379835289728,159.34625071375996,1.190863451657036,2,0,0,0,2,4,1522.907072870982,3085.649643368904,552.0954105381572,133.89101196167744,0,13.811013275603983,82.15097910258179,97.61827309668593,13.94779115232592,100.0,0.0,34.87179487179487,3.076923076923077,51.717717443862625
5032.427355451405,4,4,937.7927913900601,485.22079297712804,55.77077378580272,53.03755458481356,63.82586534228939,0.7948450553721313,2,0,0,0,0,4,3091.544183542891,1940.8831719085122,21.63114800426558,387.0346257048518,0,9.980173289892813,99.12805652786143,98.41030988925574,11.684828887840752,88.39796171811751,10.0,25.384615384615383,3.076923076923077,51.536055260580106
3330.3561338463824,0,1,3330.356133846383,3330.356133846383,1000.0,1000.0,1000.0,0.0,0,0,0,0,0,0,0.0,3330.356133846383,0.0,0.0,0,0.0,100.0,100.0,0.0,100.0,0.0,0.0,0.0,50.0
5031.858277981768,12,12,368.54544205800784,158.90201604441276,110.90279361514467,56.04256119517036,225.1363300620155,2.384804844864011,6,0,1,0,3,9,2841.064072056892,2174.62992778321,3128.3294812272366,141.2159684081757,1,46.86463401870773,32.2770553850958,95.23039031027197,54.34174197065149,49.99401870430656,8.333333333333332,35.128205128205124,16.923076923076923,50.783991078606284
5033.266681203208,6,6,667.8059572477886,378.4169491643015,103.28473200557539,53.16406027001441,223.44639273256786,1.1920687656799647,2,0,0,0,2,4,2162.4662744546868,2504.021912976714,3537.940268630787,252.56598993966088,0,13.815649098769093,71.509949327223,97.61586246864007,13.95467866102837,74.79375308299669,0.0,34.87179487179487,3.076923076923077,44.069788795826376
2858.6008641846943,3,4,813.8974837127749,558.7109095700869,224.11787872864454,205.6150129582453,243.55829784549368,1.0494644557017003,2,0,0,0,3,0,0.0,2858.6008641846943,240.38831447786825,51.95690980601372,0,9.805632521929617,81.94505836043629,97.9010710885966,13.139796889724002,84.05774742458964,0.0,17.435897435897434,3.076923076923077,49.385466225168415
5040.719872001642,5,5,1628.7850686222025,684.0647012033578,150.33818457267347,80.91240603763885,218.23739915210737,0.9919218141385284,2,0,0,0,3,2,847.6435700090603,3623.6097956629783,3119.774748723728,146.4359110046778,0,11.89200697745588,100.0,98.01615637172294,12.810981795077305,100.0,0.0,30.76923076923077,3.076923076923077,54.360438192778396
5036.028788364322,6,6,1300.118400630824,595.0762832503932,120.31960137001829,77.10286810811667,198.8092656801959,1.1914149525639965,2,0,0,0,2,4,1249.0598897980728,3570.457699502359,1770.129794883703,113.93740975667566,0,13.813134432938448,100.0,97.61717009487201,13.95094258607998,100.0,0.0,34.87179487179487,3.076923076923077,55.28793433995906
5030.916127956896,7,7,870.5675335657329,272.6234525294024,91.95827828090326,53.76458691093777,144.53948048033598,1.391396680437757,2,0,0,0,2,5,2688.673326056665,1908.364167705817,1263.5200568486723,123.10988368512925,0,15.736141078606758,86.67319117306255,97.21720663912448,15.093695316787183,83.48269114045975,10.0,38.24175824175825,3.076923076923077,52.36207343588719
4907.435906015081,0,1,4907.435906015081,4907.435906015081,1000.0,1000.0,1000.0,0.0,0,0,0,0,0,0,0.0,4907.435906015081,0.0,0.0,0,0.0,100.0,100.0,0.0,100.0,0.0,0.0,0.0,50.0
2931.9718001194788,1,2,1632.6410790828033,1351.8802391259187,233.58123680420923,233.58123680420923,233.58123680420923,0.34106740042972095,0,0,0,0,1,0,0.0,2931.9718001194783,0.0,55.97857841243263,0,2.465643847806619,100.0,99.31786519914056,1.9489565738841197,100.0,0.0,40.0,0.0,47.82831527438752
5033.416448931835,7,7,1102.742814750655,353.0515713965065,110.93622638152706,52.80187672009959,223.09992174518993,1.3907055120554357,6,0,0,0,3,4,1927.938346451911,2838.396639786675,5083.825582338418,134.60122589926226,0,20.34886735405937,94.07346635974066,97.21858897588913,29.375460068888202,100.0,0.0,16.263736263736263,9.230769230769232,58.32301245184897
4206.292204332279,4,5,1352.3265019005557,508.13842188334957,158.54286144511997,128.07165933204806,198.3876934175966,0.9509562830371586,4,0,0,0,3,1,172.81627664091286,2540.692109416748,898.6069795902706,79.94688416804391,0,12.888293396296763,100.0,98.09808743392568,19.719750188783763,100.0,0.0,6.153846153846154,6.153846153846154,52.74022113049264
5141.071484412401,0,1,5141.071484412401,5141.071484412401,1000.0,1000.0,1000.0,0.0,0,0,0,0,0,0,0.0,5141.071484412401,0.0,0.0,0,0.0,100.0,100.0,0.0,100.0,0.0,0.0,0.0,50.0
5040.651239972313,3,3,1586.9257762625907,1152.9371943525557,96.31757667409717,66.65540861753878,153.9450457874779,0.5951611919130667,0,0,0,0,1,2,1256.5725252676823,3458.811583057667,1660.9424911426238,253.54069648460214,0,5.750619968896411,100.0,98.80967761617387,3.400921096646096,100.0,10.0,43.07692307692308,0.0,52.81846678208
5033.5828091091835,11,11,615.7110354114318,152.47901709857834,86.8193085995705,54.24486772802179,192.13316779894643,2.18532214868771,8,0,1,0,1,10,3373.54366246717,1677.2691880843618,1353.2977186508322,63.24947548021543,1,47.25123903341427,43.979359672245124,95.62935570262458,60.3446979925012,63.41099153522028,8.333333333333332,31.258741258741257,20.0,54.76460161236196
5031.78587667937,11,11,302.0625831961591,181.58322149738453,115.17409681047712,55.376465714948694,182.64240738643238,2.18610256270667,8,0,0,0,4,7,2598.0813271896886,1997.4154364712297,2107.4011485009232,117.62517109353402,1,39.5619329334872,24.822652046478893,100.0,49.63487178689526,46.769711366027,0.0,31.258741258741257,20.0,44.50221572754815
5027.902304991494,5,5,367.9269014327403,160.5559068753197,62.093610969801205,53.892415484970016,91.13660841423929,0.9944505077268916,2,0,2,0,0,5,4325.122770614892,802.7795343765985,211.53186818315308,224.3816999788881,1,36.51711733741112,33.423350102338595,90.01109898454622,42.82543147272509,35.232187220537334,16.666666666666664,34.61538461538461,10.76923076923077,38.072783389878985
5464.974116271973,0,1,5464.974116271973,5464.974116271973,1000.0,1000.0,1000.0,0.0,0,0,0,0,0,0,0.0,5464.974116271973,0.0,0.0,0,0.0,100.0,100.0,0.0,100.0,0.0,0.0,0.0,50.0
5039.98061350876,7,8,678.5210912406326,381.8412070662537,123.9127217776503,63.76288989802576,193.12788433496877,1.3888942313067159,2,0,0,0,3,4,1666.243144337647,3054.7296565300294,2101.5993655372436,143.05743988153333,0,15.7265162742566,68.87395549677989,97.22221153738657,15.079395607466948,85.9644681697759,0.0,38.24175824175825,3.076923076923077,48.548531291630134
5033.698865099921,11,11,471.6858540456266,167.43688469379816,87.58376144767907,53.27751849170792,119.75675220150141,2.185271764321493,6,0,0,0,0,11,3191.893133468141,1841.8057316317797,479.77730698490427,123.64819860979334,1,37.25104524739036,36.93859996429801,100.0,42.48726722469425,56.003133358132175,0.0,38.25174825174825,16.923076923076923,46.983158096992064
3601.264700503541,0,1,3601.264700503541,3601.264700503541,1000.0,1000.0,1000.0,0.0,0,0,0,0,0,0,0.0,3601.264700503541,0.0,0.0,0,0.0,100.0,100.0,0.0,100.0,0.0,0.0,0.0,47.0
5478.432434351336,0,1,5478.432434351336,5478.432434351336,1000.0,1000.0,1000.0,0.0,0,0,0,0,0,0,0.0,5478.432434351336,0.0,0.0,0,0.0,100.0,100.0,0.0,100.0,0.0,0.0,0.0,47.0
5032.455691055548,11,11,738.3419513418002,188.56241254647003,90.45252470725764,55.07828117083042,189.19772721646598,2.185811594834483,6,0,3,0,2,9,3008.0603111480914,2074.1865380111703,1687.0212170597179,142.04606351602663,2,69.56081382628648,59.23221730363508,87.62837681033103,83.20463768476849,76.87861726293562,25.0,35.1048951048951,24.615384615384617,64.45058037752058
5025.861989235814,9,9,836.8091738346495,278.7893313328926,120.14352077084563,54.53311429093511,196.9163973679099,1.7907375927305271,4,0,0,0,3,6,2016.8129129073932,2509.1039819960333,2353.717598124719,103.45246945084736,1,31.118221510502025,71.676845750094,100.0,33.089929101317296,89.24199801559041,0.0,30.51282051282051,13.846153846153847,57.054243806233586
4317.591574597929,7,7,716.1528110934254,279.57752241948947,94.54781465652397,51.91784441013152,156.84934364656513,1.6212742402926026,4,0,1,0,2,5,2062.3317077446973,1957.0426569364263,1460.4890340456202,186.00311561899872,2,45.08182400112539,66.45989466993855,100.0,51.40728137310059,73.83742283204737,8.333333333333332,34.94505494505495,21.53846153846154,58.61956544551381
5027.4714324048055,4,4,435.46451216711364,259.6038358780504,61.09753063101963,53.63424096847828,72.21909558229268,0.7956285886017791,0,0,0,0,0,4,3989.0560888926047,1038.4153435122016,47.92995305281711,136.87051748623261,0,7.675494571545305,48.961750869079545,98.40874282279644,4.546449077724453,42.876505391303596,0.0,44.61538461538462,0.0,34.19848760177903
5033.612659738653,7,7,1040.3464607452634,362.88625010699803,87.55748093547041,53.28102347575983,173.3519212574368,1.3906513021928555,4,0,0,0,1,6,2459.7963562831324,2540.2037507489863,1509.986966969392,103.68770497120316,1,27.27173577766483,100.0,100.0,30.80372172681632,100.0,10.0,31.0989010989011,13.846153846153847,62.718385286584116
5034.157984912987,8,8,819.7878600172887,263.818536407423,87.51913531601306,53.63785379233405,149.4614812870786,1.5891436113001283,4,0,1,0,1,7,2773.177950562915,2110.548291259384,1240.4421905589413,123.34832184501,1,36.881321581923565,77.30627571552063,96.82171277739974,42.65224920742931,82.79316788461104,18.333333333333332,35.38461538461539,13.846153846153847,56.48054277328177
5032.561679693043,6,6,871.8778405390223,262.2110130302219,90.14095789784197,53.09850208523219,182.17775745764476,1.1922357602114806,0,0,0,0,1,5,3392.8646396445192,1573.2660781813315,2044.1187356132968,107.39493152406641,1,20.739368308505696,74.18175051469206,100.0,15.384204344065603,79.1020704116859,0.0,51.53846153846153,7.6923076923076925,47.75742128632788
5037.316883466329,5,5,1654.0372551858493,576.8621370924448,130.92694861378263,77.45390075065731,161.97397672393748,0.9925919126531801,2,0,0,0,3,2,1179.367962988815,2884.310685462224,931.8936507632221,172.4228644737306,0,11.894584279435309,100.0,98.01481617469364,12.814810929446743,100.0,0.0,30.76923076923077,3.076923076923077,54.36093966210639
6094.471778886967,0,1,6094.471778886967,6094.471778886967,1000.0,1000.0,1000.0,0.0,0,0,0,0,0,0,0.0,6094.471778886967,0.0,0.0,0,0.0,100.0,100.0,0.0,100.0,0.0,0.0,0.0,50.0
5033.4751492774785,10,10,569.0775380387544,183.53801604110157,94.79295107382575,53.06488630248454,196.65832150596518,1.9866989909417616,8,0,2,0,2,8,2898.0863432584997,1835.3801604110158,2414.350972753852,187.29594959575698,2,62.25653458054523,47.79125271705389,96.02660201811648,78.49542280538148,62.410238008063835,16.666666666666664,30.76923076923077,27.692307692307693,59.94902747187066
5027.88560889962,7,7,738.2969177714026,387.86989294748685,87.46349981389729,53.446728726066745,197.77351855944815,1.3922353339959912,4,0,0,0,1,6,2279.2337404224772,2715.089250632408,2568.60359377525,188.45464131176024,0,18.04705897690766,92.53141249387569,97.21552933200802,22.24134476569138,85.42098452652561,10.0,27.252747252747255,6.153846153846154,53.39300981126427
5034.7187573452775,10,10,991.654386246787,243.46142007404296,93.8539652598412,54.36290085185976,194.65588067544434,1.9862082634527993,8,0,1,0,1,9,2615.387622978396,2434.6142007404296,1680.0474832305129,102.99900523625877,2,54.562339474818465,85.11817044619907,100.0,67.77833293401599,98.57181509299153,18.333333333333332,30.76923076923077,27.692307692307693,69.68274340290694
5035.772703213233,8,8,798.258357784347,374.12457452375986,125.25542621163457,60.50827122097063,178.09308370911188,1.5886340531007979,6,0,0,0,5,3,1738.0419614968441,2992.996596190079,2171.6348106929413,37.98375136507405,0,22.26397712731076,79.33988269888194,96.8227318937984,30.506480303433126,93.1238451348242,0.0,21.923076923076923,9.230769230769232,55.692844339150724
5024.498526136152,8,8,770.8232208175418,322.2210299704876,100.1695762423004,53.176776055929935,196.66020880258887,1.5921986957277534,4,0,0,0,2,6,2379.6965912068486,2577.768239763901,2740.748916901639,160.54145719322946,0,19.96999498356828,82.7373729155387,96.8156026085445,23.383992547015733,85.75845791802146,10.0,31.538461538461537,6.153846153846154,52.404954783470984
6804.929520651604,0,1,6804.929520651604,6804.929520651604,1000.0,1000.0,1000.0,0.0,0,0,0,0,0,0,0.0,6804.929520651604,0.0,0.0,0,0.0,100.0,100.0,0.0,100.0,0.0,0.0,0.0,47.0
5028.414427332834,6,6,652.7483010586195,280.0583731828535,100.74899100808763,54.95559789499992,205.51452085761701,1.1932190726734737,2,0,1,0,1,5,3260.732410758135,1817.6820165747004,2462.3560523447823,158.99998630547296,0,21.512381048744132,64.4820215041871,89.61356185465306,24.675537558134135,65.92122325853624,8.333333333333332,34.87179487179487,3.076923076923077,42.819752474849246
5033.587875680968,6,6,369.4798971146078,182.56229658658617,59.353045524866246,53.370000574541784,69.82644494635655,1.1919926994794527,2,0,1,0,0,6,3988.2140961614523,1095.373779519517,49.70848099405888,245.35774636099197,1,30.738433459536363,32.34380217485293,97.6160146010411,33.23995828273973,39.236976867900744,8.333333333333332,13.076923076923078,10.76923076923077,38.85939624814766
5035.6453598684175,5,5,1174.5091271918075,554.7828537521266,93.208278848679,62.58775565645292,143.14614146764598,0.9929213919327018,2,0,0,0,1,4,2084.0474314878984,2773.9142687606327,750.8405679331213,150.30242265277138,0,11.89585150743347,100.0,98.01415721613459,12.816693668186868,100.0,0.0,30.76923076923077,3.076923076923077,54.36118622846832
5031.571525705527,5,5,1035.9119793589912,354.20071426490176,62.42678839781445,53.40224105167722,89.23960193834432,0.9937253151338039,2,0,0,0,0,5,3260.5679543810174,1771.0035713245088,187.3937711273376,211.710776156385,0,11.8989435197454,100.0,98.0125493697324,12.821287515050308,92.6741795749262,10.0,30.76923076923077,3.076923076923077,51.12920580321363
5027.871690844553,8,8,636.8522948970974,217.633825439875,108.95433515445869,57.10848603482297,231.25072227719554,1.5911305005192378,4,0,1,0,2,6,3135.7648959721346,1908.6009682004376,3457.5827936063965,184.39750083764787,2,46.11973269430476,54.41802106407838,100.0,51.2350314315385,65.67109437339317,8.333333333333332,39.23076923076923,21.53846153846154,56.14730490258277
5027.232952812345,9,9,437.39231931904953,196.71249042242437,100.41431595410859,57.87153946721154,169.80760846827036,1.7902492453557781,6,0,0,0,2,7,2987.8544948768763,1770.4124138018194,1331.8999172680096,156.06389693872364,1,33.42403555906069,39.17881645929719,100.0,40.2299956877473,52.76498680529422,0.0,21.96581196581197,16.923076923076923,47.693311319467135
5032.834518422432,5,5,1002.8160503428109,481.14653982941616,91.77057773019608,53.44870324253863,128.71112845988026,0.9934759391944554,2,0,0,0,0,5,2627.101819275353,2405.732699147081,962.7409813181127,133.7290800409604,0,11.897984381517137,100.0,98.01304812161109,12.819862509682602,98.93083934481513,10.0,30.76923076923077,3.076923076923077,51.75468515930726
5038.926024923449,5,5,1071.5238060434044,619.422260687716,123.5210629559876,111.21918476708319,135.33567430431108,0.9922749362203546,0,0,0,0,1,4,1545.3470598176314,3097.11130343858,67.80813433374341,156.77537675891676,0,9.585672831616748,97.96598614595744,98.01545012755929,5.67014249268774,100.0,0.0,46.15384615384615,0.0,53.50884473640694
5029.112450350713,7,7,770.1933947227915,238.08482348056026,61.167570657272954,52.82368893941954,83.3886401895896,1.3918957011016615,4,0,1,0,0,7,3412.518685986788,1666.5937643639218,121.93444531687742,169.3179078724124,1,34.96882961962178,79.50360982713815,97.21620859779668,41.525118292009495,73.56747650637172,18.333333333333332,20.10989010989011,13.846153846153847,54.51301647223721
5033.154332435545,6,6,735.5692779606871,289.2246672816514,64.60703055156819,53.676122494334514,81.00830235885991,1.1920953747302634,2,0,0,0,0,6,3297.8063287456357,1735.3480036899084,105.43158242686563,254.36891702479133,1,23.046520672039474,70.39780556862053,100.0,22.526259284172934,72.17592524657793,0.0,38.717948717948715,10.76923076923077,46.88111664196409
5047.087818915937,6,6,981.8392134514211,633.0554429941054,134.47603701328185,74.86329395527446,183.3892147035645,1.1888043591222353,2,0,0,0,3,3,1107.0804541721295,3798.3326579646327,1983.7254672554864,91.15571156470179,0,13.803093688931675,100.0,97.62239128175553,13.936024909269914,100.0,10.0,34.87179487179487,3.076923076923077,52.78598069805374
6259.689410967785,2,2,2260.3611727854995,2130.6122127415993,229.30065456200975,229.3006545620097,229.30065456200978,0.31950467007128847,2,0,0,0,2,0,0.0,6259.689410967784,2.0194839173657902e-27,245.00478597709753,0,5.844248731043417,100.0,99.36099065985742,8.968598114693076,100.0,0.0,3.076923076923077,3.076923076923077,49.75338756078961
5032.70166764001,9,9,468.0906303175458,248.63434705687365,111.03294094693939,53.08198202309323,177.17661897018155,1.7883038960702748,6,0,0,0,4,5,2160.3569089296866,2237.709123511863,2150.136799773984,148.17707690063042,0,24.185784215654905,45.339806927443746,96.42339220785945,31.647450834687284,61.04216366799455,0.0,26.666666666666668,9.230769230769232,46.64434070454886
4198.912318778261,0,1,4198.912318778261,4198.912318778261,1000.0,1000.0,1000.0,0.0,0,0,0,0,0,0,0.0,4198.912318778261,0.0,0.0,0,0.0,100.0,100.0,0.0,100.0,0.0,0.0,0.0,47.0
5031.983419456709,6,6,1369.6335805113235,359.4839709051064,99.34529436589621,54.41406410968527,176.39021928335782,1.19237276832041,2,0,0,0,2,4,2499.4365105735824,2156.9038254306383,2488.289691890002,130.93087852486516,0,13.816818339693885,100.0,97.61525446335918,13.956415818973769,100.0,10.0,22.05128205128205,3.076923076923077,57.14762548193355
5037.937698946697,2,2,1971.3754257079813,1971.258085305862,68.11680720414134,64.93859912434822,71.29501528393448,0.3969878389758866,0,0,0,0,0,2,1095.4215283349715,3942.516170611724,10.101006598462334,125.84432807249826,0,3.834568611445717,100.0,99.20602432204822,2.268501937005066,100.0,20.0,41.53846153846154,0.0,52.52016342675009
5035.611544948655,10,10,640.8181754118411,237.7664603493444,101.48434607341744,58.164892581897156,166.70348915472874,1.9858561191105466,6,0,1,0,2,8,2530.4450788112476,2377.6646034934442,1335.7586552593405,96.64511703828224,2,52.2532927658098,52.915583957988645,100.0,60.63346353777456,74.42340640736866,8.333333333333332,38.46153846153847,24.615384615384617,59.49731052149634
5033.554157080046,7,7,536.8665132807836,220.29704028965747,65.99652586833035,53.39331849025768,88.96412280872404,1.3906674650860784,6,0,0,0,0,7,3491.4748750524445,1542.0792820276024,200.88024616561566,160.19593999919655,1,29.579490250331077,48.5516897241376,100.0,37.946671229063305,56.35215797908694,0.0,20.10989010989011,16.923076923076923,45.228792754840555
4969.324617509295,0,1,4969.324617509295,4969.324617509295,1000.0,1000.0,1000.0,0.0,0,0,0,0,0,0,0.0,4969.324617509295,0.0,0.0,0,0.0,100.0,100.0,0.0,100.0,0.0,0.0,0.0,50.0
5032.385088733066,4,4,936.1267855891863,442.933240809493,60.08917752392912,52.96722117894428,70.29564135345763,0.7948517312308911,2,0,0,0,0,4,3260.6521254950926,1771.732963237972,54.42745576262405,378.56980329795863,1,19.21096819704189,99.0090561135133,100.0,20.256295607033664,86.03155854911871,10.0,29.230769230769234,10.76923076923077,54.41224186787418
5033.521275019614,6,6,1170.478973851593,457.37917655537103,80.44304817856109,53.80775251978436,119.17569782246387,1.1920084712419576,4,0,0,0,0,6,2289.2462156873876,2744.275059332226,667.1973377064996,102.36724078979489,1,25.353878735545994,100.0,100.0,29.66861983566833,100.0,0.0,25.897435897435894,13.846153846153847,61.15712328107822
5040.431719560494,9,9,1124.4371744915086,362.4710828952797,141.09446013766507,60.52268834470158,197.9203206626899,1.7855613369532493,4,0,0,0,5,4,1283.6497501504086,3262.2397460575176,2253.8221901643215,84.21468601177429,1,31.098312834435575,100.0,100.0,33.06035049687571,100.0,10.0,39.05982905982906,13.846153846153847,62.716081120152054
4816.582100084673,0,1,4816.582100084673,4816.582100084673,1000.0,1000.0,1000.0,0.0,0,0,0,0,0,0,0.0,4816.582100084673,0.0,0.0,0,0.0,100.0,100.0,0.0,100.0,0.0,0.0,0.0,50.0
5026.846815949605,7,7,568.3630307653473,219.60950942308,89.97504738007817,54.93684177366097,165.33930489367043,1.3925230380583327,4,0,0,0,1,6,3255.7529970882656,1537.26656596156,1135.1259366323468,150.73667717629527,0,18.048165530993586,50.80144097303501,97.21495392388333,22.242988788904757,58.38775626384395,0.0,27.252747252747255,6.153846153846154,41.84390798463725
5032.755904389931,7,7,1337.1844547967396,372.17505767008345,106.79948589731087,62.30531124073059,207.7750938587853,1.3908880408632769,4,0,0,0,1,6,2256.3878776294414,2776.368026760487,1968.572352995183,167.22926921230712,0,18.041877080243374,100.0,97.21822391827345,22.23364594779015,100.0,10.0,27.252747252747255,6.153846153846154,59.34362061079988
5656.421505778644,0,1,5656.421505778644,5656.421505778644,1000.0,1000.0,1000.0,0.0,0,0,0,0,0,0,0.0,5656.421505778644,0.0,0.0,0,0.0,100.0,100.0,0.0,100.0,0.0,0.0,0.0,50.0
5032.713562341176,8,8,841.0303685370508,234.0641538775689,65.06421791926493,52.474910021689716,90.6845712121393,1.5895997061828546,6,0,1,0,0,8,3210.200331320624,1872.5132310205513,201.35692918515252,148.18983654327255,1,39.19076810070329,83.2878834669322,96.8208005876343,49.79771260675916,81.03553431607739,18.333333333333332,25.769230769230766,16.923076923076923,58.2349587695845
5033.543671112388,7,7,1039.5974544557664,411.1394539971103,90.0867444524347,52.69222673597457,166.92888013364498,1.3906703621492638,4,0,0,0,2,5,1954.4314577425716,2877.9761779797723,2314.7690869290095,118.43118612721271,0,18.041039854420244,100.0,97.21865927570147,22.23240206942436,100.0,20.0,16.263736263736263,6.153846153846154,56.29400716112489
5039.968756633163,6,6,1143.7671453533615,503.499320733434,106.02778345668371,62.762036085464885,190.1564161945364,1.190483570379941,2,0,0,0,1,5,1739.1453720805505,3020.995924400604,1719.898964464457,145.93245137998727,0,13.809552193769004,99.55479609666867,97.61903285924012,13.945620402171091,100.0,0.0,34.87179487179487,3.076923076923077,55.19819655790012
5032.515992180336,6,6,871.0005352199122,256.30288468662565,90.70329632380306,52.81762637974898,186.00829006798125,1.1922465838803031,2,0,1,0,1,5,3478.2122196994096,1537.8173081197538,2165.2220783125454,119.74458735745503,1,30.739409938001167,68.16670489666039,97.61550683223939,33.24140905074459,78.57093312292419,8.333333333333332,38.717948717948715,10.76923076923077,49.23961369487265
5034.0704988278,5,5,857.3575874329744,534.9650637052717,85.05137513278603,55.241992802482635,180.7830596791061,0.9932320179394123,2,0,0,0,1,4,2085.0331182587315,2674.825318526359,2314.792994622657,253.4013874815183,0,11.897046222843894,100.0,98.01353596412117,12.8184686739395,92.82151007588307,10.0,30.76923076923077,3.076923076923077,51.14356969354078
2993.7286317641883,2,2,1375.158062344859,1085.6926450995543,232.82226017882934,216.89740574856026,248.74711460909842,0.6680632234931095,0,0,0,0,2,0,0.0,2993.7286317641874,253.6009886252607,81.56636754998671,0,4.877166244204267,100.0,98.66387355301379,3.8175041342463403,100.0,0.0,41.53846153846154,0.0,48.72302313758111
5030.326775744069,5,5,607.9425341796243,297.18359291098614,69.40961839719407,51.44707800459377,89.36717480020612,0.9939712115939858,2,0,0,0,0,5,3544.408811189135,1485.9179645549307,206.55265598797627,152.30361730102385,0,11.899889275361485,57.71018101283031,98.01205757681203,12.82269263767992,60.341741806040694,0.0,30.76923076923077,3.076923076923077,38.938182245912444
5033.482919827783,9,9,669.6588433028807,218.99117210533217,107.03797033627495,53.03645500568007,224.364717327074,1.788026331538228,6,0,0,0,2,7,2695.7448976491373,2170.6645142004636,3242.9596029251607,178.85533198271074,0,24.184716659762415,66.08674277560257,96.42394733692355,31.645864751647018,70.92286353949856,10.0,26.666666666666668,9.230769230769232,52.28159014545595
5032.630951194976,4,4,970.2691371098458,359.6687276565063,55.87844137218768,54.24536257525015,58.62199740873678,0.7948128998114233,2,0,1,0,0,4,3643.9560405689517,1438.6749106260252,2.918662619902283,349.3305338113438,0,17.67235730696701,92.51922407927471,90.41037420037715,22.398930856065277,83.86694128233673,18.333333333333332,25.384615384615383,3.076923076923077,50.80310405555921
4443.2326647553045,0,1,4443.2326647553045,4443.2326647553045,1000.0,1000.0,1000.0,0.0,0,0,0,0,0,0,0.0,4443.2326647553045,0.0,0.0,0,0.0,100.0,100.0,0.0,100.0,0.0,0.0,0.0,50.0
5032.987206702335,8,8,1138.2701447640327,342.53267586776735,104.64115758083024,51.901478030494296,175.82337297155055,1.589513279379401,4,0,0,0,2,6,2091.9404291858764,2740.261406942139,1892.996264926197,115.2871709680301,1,29.19043568992077,100.0,100.0,31.940075882168006,100.0,10.0,25.769230769230766,13.846153846153847,63.25334217247415
5042.070741452323,9,9,757.2735250263893,267.6534618113535,111.16692798803892,65.6558345420249,200.1519841259585,1.784980905961591,8,0,0,0,5,4,1463.0553598143456,2702.2513329038634,1917.7204872549103,106.40785637503696,1,35.7114650229292,80.2814422637897,100.0,47.34274803406623,82.60331708578838,10.0,21.96581196581197,20.0,57.605905316473375
5027.679828675209,4,4,1563.4742795889165,613.0678062488086,104.68122699784449,54.64610979811704,192.58544122320097,0.795595609964288,2,0,0,0,1,3,2471.118089565747,2452.271224995234,3077.379561107171,194.3333897898766,0,9.983060038324185,100.0,98.40880878007142,11.689117771224502,100.0,10.0,6.153846153846154,3.076923076923077,54.90967100042383
5028.4100520626,6,6,569.7700549033725,334.5141700098903,84.93373469518308,52.779408537275295,144.15995573792395,1.1932201109054072,0,0,0,0,1,5,2954.2932608381534,2007.0850200593418,981.0511045953617,235.3483262604722,0,11.512385041943874,64.50738487405042,97.61355977818918,6.818400633745185,64.74580392768272,0.0,47.69230769230769,0.0,41.09208252749768
5034.665084927265,8,8,1193.6991377295537,371.98922342885726,106.17746187263322,54.9692350699682,175.23150414358196,1.5889835500578438,4,0,0,0,1,7,1918.5093393531379,2975.913787430858,1072.3318286537135,105.78351759886327,1,29.18839826945325,100.0,100.0,31.937048857473393,100.0,0.0,25.769230769230766,13.846153846153847,62.75273385693456
5040.583602443331,3,3,1621.2124837230283,1168.0517594353676,95.33938751322894,65.84448890450608,153.4350933779696,0.595169178137588,0,0,0,0,1,2,1171.071009441448,3504.1552783061024,1687.6887531857276,255.47305077433876,0,5.750650685144569,100.0,98.80966164372482,3.4009667322147887,100.0,10.0,43.07692307692308,0.0,52.818472758584285
5033.670162203327,11,11,504.9282599092306,179.82557227463238,89.18535127968408,52.75934337353259,119.44818263658436,2.185284225135861,6,0,0,0,0,11,3055.5888671823736,1978.081295020956,415.74038244710823,145.7913462813399,1,37.251093173599465,39.313057525984,100.0,42.48733842934777,60.03630126089479,0.0,31.258741258741257,16.923076923076923,47.51173035935188
5035.611544948655,10,10,640.8181754118411,237.7664603493444,101.48434607341744,58.164892581897156,166.70348915472874,1.9858561191105466,6,0,1,0,2,8,2530.4450788112476,2377.6646034934442,1335.7586552593405,96.64511703828224,2,52.2532927658098,52.915583957988645,100.0,60.63346353777456,74.42340640736866,8.333333333333332,38.46153846153847,24.615384615384617,59.49731052149634
5032.267641037676,9,9,707.5339845428858,291.0041976382265,85.67200462851889,53.14913149608199,188.2207219948425,1.788458134977924,6,0,0,0,1,8,2379.849739472946,2619.0377787440384,1594.2383640170208,154.10598356563133,0,24.186377442222785,62.44290365782519,96.42308373004416,31.648332199873852,82.08943601944624,0.0,26.666666666666668,9.230769230769232,49.1698027107111
5569.420134146068,0,1,5569.420134146068,5569.420134146068,1000.0,1000.0,1000.0,0.0,0,0,0,0,0,0,0.0,5569.420134146068,0.0,0.0,0,0.0,100.0,100.0,0.0,100.0,0.0,0.0,0.0,50.0
5013.666457629468,6,6,214.1854353814596,107.090341701751,75.07726031629663,26.1782601749668,241.0141272987039,1.1967289907906806,4,3,1,0,1,2,4180.583008874353,883.0834487551137,5799.391481164465,559.1367696027518,1,51.52588073381031,36.72753109867568,73.60654201841864,40.40987994737532,22.84625636157072,45.83333333333333,13.076923076923078,13.846153846153847,37.95913087720553
5033.426625770166,9,9,935.9249096465797,303.81630902951053,108.52123915986498,53.39849698511007,191.26012463122018,1.7880463289008226,6,0,0,0,3,6,1898.4022668209363,2734.346781265595,2242.515997581869,144.55856281125705,1,33.4155628034647,89.0740014826922,100.0,40.21740759371898,98.85295105997992,10.0,30.51282051282051,16.923076923076923,63.2059654542229
9332.716496953833,0,1,9332.716496953833,9332.716496953833,1000.0,1000.0,1000.0,0.0,0,0,0,0,0,0,0.0,9332.716496953833,0.0,0.0,0,0.0,100.0,100.0,0.0,100.0,0.0,0.0,0.0,47.0
5033.443875625126,9,9,969.8632197863462,263.1043195745387,100.04650405209829,53.35575128611306,153.91533448456033,1.7880402011798038,8,0,0,0,3,6,2297.7820692528144,2367.9388761708483,1690.2452469486552,108.640371557648,1,35.723231542999244,87.52991252442156,100.0,47.36022972102745,96.23006633470106,10.0,21.96581196581197,20.0,60.42178744019765
5041.825255616092,3,3,1631.0484490056624,1254.4829352969366,104.39119149345534,89.28130085641565,122.93302463114168,0.595022605485642,0,0,0,0,0,3,1278.3764497252819,3763.44880589081,194.6288668322824,206.53545496869455,0,5.750086944175546,100.0,98.80995478902872,3.4001291742036686,100.0,0.0,43.07692307692308,0.0,52.3183630706986
5033.658825960843,10,10,437.46138563477206,170.62396634768925,86.1819470629701,53.716330957011614,120.08429543306625,1.9866264968983396,6,0,0,0,0,10,3327.419162483951,1706.2396634768925,493.85731875648014,138.08894438083013,1,35.33317883422438,34.81867040248371,100.0,41.352151410847654,51.913954555343366,0.0,34.61538461538461,16.923076923076923,45.167244579172575
5047.01193456732,6,6,941.9664471226948,625.7058063009857,133.70657083101966,74.5401841938519,178.85087173840984,1.1888222333903358,2,0,0,0,3,3,1151.3285973370475,3754.234837805914,1924.2898220600262,105.1630209089998,0,13.803162436116676,100.0,97.62235553321933,13.936127047944774,100.0,10.0,34.87179487179487,3.076923076923077,52.78599407429175
5033.4077190565185,7,7,634.662661906562,219.507950734008,90.09112450225555,54.24254242560046,113.69773556301179,1.3907079240765552,4,0,1,0,0,7,3546.8520639184635,1536.555655138056,436.7964688387418,254.39631399165458,1,34.96426124644829,55.5371289116932,97.21858415184688,41.518330994723165,62.79825286227821,8.333333333333332,31.0989010989011,13.846153846153847,48.69135959929481
5033.857560395406,8,8,817.8521582453993,315.202012614306,116.80821287689706,54.18123829748661,197.02466896488465,1.589238452621533,2,0,1,0,4,4,2190.0187812333797,2521.616100914448,3346.8998057831977,155.61431105724398,2,43.80476327931358,86.09658273181424,100.0,44.081362586408765,88.1450252285526,18.333333333333332,48.84615384615385,18.461538461538463,59.494721101807315
5032.8192738310145,9,10,430.7144792961306,259.63166657812565,126.01870165154303,62.23102325747687,165.05722448360072,1.7882621072441454,4,0,0,0,5,4,1288.8790178100953,2596.3166657812562,1056.1111542222468,107.65770363828526,0,21.877931181708252,38.70182788623155,96.42347578551171,24.504354898537976,63.33185416349212,0.0,35.21367521367522,6.153846153846154,42.75874738618397
5032.98919642861,6,6,769.3180254459822,312.00811611680047,64.29849798133269,53.843564601778404,91.97414494107882,1.1921344882396285,4,0,2,0,0,6,3260.940499727807,1872.0486967008028,196.12695429484359,286.88527220531824,1,40.73897880092165,87.09414467471302,89.61573102352074,51.0979113613693,76.24851765240952,26.666666666666668,25.897435897435894,13.846153846153847,56.90797768167571
5041.006667057944,3,3,1601.2321406419067,1149.6690656887579,96.18012851316352,65.08469919013454,156.4082715042523,0.5951192287850859,0,0,0,0,1,2,1263.8288674059104,3449.007197066274,1814.3566462012288,258.0106071619138,0,5.750458572250331,100.0,98.80976154242983,3.4006813073433486,100.0,10.0,43.07692307692308,0.0,52.81843537890401
5036.429479507319,8,8,983.5784655701261,294.4026976587719,101.05040057589052,58.492688745885104,150.17840952574775,1.5884268870538394,6,0,1,0,1,7,2330.7167873620356,2355.221581270175,928.3385129381194,145.48420349116319,2,48.41702648866861,79.18417611215186,100.0,58.36243935459336,96.97485212161075,8.333333333333332,29.615384615384617,24.615384615384617,61.96132347155621
5008.716852105118,6,6,962.5873705893949,433.71980872877367,125.54501054853488,59.57453909311643,192.10213901412962,1.197911596355912,4,0,0,0,3,3,1623.2685044767736,2602.318852372642,3352.5032292376704,117.03567160638357,1,25.376583062907347,100.0,100.0,29.70235197917664,98.87007607092822,10.0,13.076923076923078,13.846153846153847,60.90988411060043
5033.393584222365,7,7,968.3806355878925,400.4759459542608,117.60666613137674,53.33509032554657,197.80324118175693,1.3907118294786531,2,0,0,0,3,4,1696.2911508561472,2803.3316216798257,3261.8387030327895,173.324022094324,1,24.96427626722559,100.0,100.0,23.661210454163733,100.0,10.0,42.08791208791209,10.76923076923077,60.05361962835736
5040.558183035072,3,3,1619.7624774921208,1168.3815767818594,95.39824823509066,65.78372401288433,153.59194853928813,0.595172179560798,0,0,0,0,1,2,1170.2859171678497,3505.144730345578,1693.4320351759507,253.84555524781987,0,5.7506622290799925,100.0,98.8096556408784,3.40098388320456,100.0,10.0,43.07692307692308,0.0,52.81847500470429
5044.181430686318,6,6,1562.9340590913025,573.6461188952613,138.4680447720166,73.06494025972113,198.13526512075248,1.1894893319060555,4,0,0,0,4,2,1095.6893902629038,3441.876713371568,2292.847320698545,78.54532509558364,0,16.113420507330982,100.0,97.6210213361879,21.08279618232032,100.0,0.0,22.05128205128205,6.153846153846154,57.85975337182567
4424.461885396113,1,1,4212.141609704123,4212.141609704123,214.32624996383706,214.32624996383706,214.32624996383706,0.22601618590064362,0,0,0,0,1,0,0.0,4424.461885396112,0.0,56.75952294344551,0,2.023139176540937,100.0,99.54796762819872,1.2915210622893922,100.0,0.0,40.0,0.0,50.74221650834983
5033.514894807172,6,6,1170.8052256049418,457.36285864838845,80.33990071351651,53.780458445508,119.14784554773797,1.1920099821677101,4,0,0,0,0,6,2289.337742916841,2744.1771518903306,672.1279025890772,100.80917011619685,1,25.353884546798884,100.0,100.0,29.66862846952977,100.0,0.0,25.897435897435894,13.846153846153847,61.1571250161523
4685.474701898285,7,7,1130.2953905189115,301.2589163243907,95.77335161677844,56.88540748154193,128.11999184602203,1.4939788271963141,6,0,0,0,0,7,2576.6622876275474,2108.812414270735,385.0966156864525,169.310451568298,1,29.976841643062745,100.0,100.0,38.53702186969323,100.0,10.0,20.10989010989011,16.923076923076923,63.50187678507709
5031.76601765027,4,4,1253.4133159629039,698.8289859501259,120.54269851384521,65.82594295348923,232.8643924883576,0.7949495238786791,2,0,0,0,1,3,2027.7659562562908,3004.0000613939824,4320.530986221882,279.9242854007465,0,9.980575091841073,100.0,98.41010095224264,11.68542585073531,100.0,10.0,25.384615384615383,3.076923076923077,55.87072596237514
5027.239961144033,6,6,738.0946488403868,363.23312643368746,66.31769586092835,51.68962981931503,80.49318607735835,1.193497833080281,2,0,1,0,0,6,2897.841202541911,2179.398758602125,94.67371758435074,257.57938683544126,0,21.513453204154924,70.57818920288477,89.61300433383944,24.677130474744462,78.26496003738744,8.333333333333332,22.05128205128205,3.076923076923077,46.632542662258196
5041.08084750579,4,4,1314.3338306865946,831.2378049808983,114.79012340401974,103.54866308997573,126.48182756876234,0.7934806286590518,0,0,0,0,0,4,1716.1296275821974,3324.9512199235933,104.04421639236617,169.3871193156682,0,7.667233187150199,100.0,98.41303874268189,4.534175020908867,100.0,0.0,44.61538461538462,0.0,53.11687945946903
5034.898333372396,8,9,640.9755538231456,268.6653005731589,101.94038619917134,56.8917334333039,152.27967420762505,1.5889099382552112,2,0,0,0,3,5,2332.773808906073,2417.9877051584303,1348.2871456349299,102.06482875526694,1,26.88042283944312,59.176825273081825,100.0,24.793771075744065,74.97153965698877,0.0,45.0,10.76923076923077,49.832421092267666
5033.508946619347,10,10,536.1431462226257,176.9230326144056,101.94580250759866,53.10709123516914,200.61552543846844,1.9866856513121518,8,0,1,0,3,7,2850.587644409942,1969.4943146123185,2354.485818639344,134.89626282214687,1,45.33340635120059,41.867367587330406,96.0266286973757,59.2096322932123,59.33261409676246,8.333333333333332,26.923076923076923,20.0,52.995855361439304
5046.986291420656,6,6,941.4640867627351,625.2603417528481,133.63028602105322,74.30418027876327,177.06587880956707,1.1888282736569677,2,0,0,0,4,2,1012.6791008900441,3751.562050517089,1915.5033513620583,92.92880927426488,0,13.803185667911414,100.0,97.62234345268607,13.936161563754101,100.0,10.0,34.87179487179487,3.076923076923077,52.785998594535236
5040.010290238127,4,4,1440.2868145967109,890.1588303385065,156.55239482114098,153.78309411957437,158.20814001055143,0.7936491732462339,0,0,0,0,4,0,0.0,3560.635321354026,2.7579522891298174,115.47568980452021,0,7.667881435562437,100.0,98.41270165350753,4.535138132835622,100.0,0.0,44.61538461538462,0.0,53.117005590088674
5033.739547514118,11,11,472.2592562607172,161.78722125743118,86.86697560843271,53.08356437884142,118.39182781247887,2.1852541030717973,8,0,0,0,0,11,3254.0801136823757,1779.659433831743,416.094680620979,158.9508498162948,1,39.55866962719922,36.97955726537591,100.0,49.630023446124554,55.212742868471054,0.0,31.258741258741257,20.0,47.77692559155169
5033.489412398295,6,6,803.7462714070282,211.91075711424196,90.31896195756808,53.04260364749503,215.79163153144987,1.1920160168055651,2,0,0,0,1,5,3628.235285712775,1405.2541266855199,3205.7131751419943,201.4106285177244,1,23.046215449252173,71.69616224335915,100.0,22.525805810317514,70.5359453296079,10.0,38.717948717948715,10.76923076923077,47.476698854411175
5032.431236004739,5,5,869.9207949131472,300.597840718111,90.16859000668853,53.114153953068595,168.98667951812564,0.9935555530748819,0,0,0,0,1,4,3429.7965563119787,1502.989203590555,1932.6934730658854,175.3376216719068,1,18.821367511826466,76.42291392236767,100.0,14.248888874713609,78.03457570875055,0.0,50.0,7.6923076923076925,47.22074975420931
5047.471925326817,5,5,1800.5683170104235,746.9129196423867,130.8116286591053,77.84119518399014,177.95419960947928,0.9905949104761503,2,0,0,0,3,2,1074.8522924362092,3734.564598211933,1885.753982117417,111.35897066097873,0,11.886903501831348,100.0,98.0188101790477,12.803399488435144,100.0,0.0,30.76923076923077,3.076923076923077,51.35944520223545
5042.483171829318,4,4,1401.9260933736123,785.9339648970199,104.5430244967848,66.70495901501971,149.9383869996307,0.7932599601614289,2,0,0,0,2,2,1093.005028673143,3143.7358595880796,1459.9527268589973,246.70957842764557,0,9.97407676985165,100.0,98.41348007967714,11.675771200922451,100.0,10.0,25.384615384615383,3.076923076923077,55.86946157458235
5040.712042024255,3,3,1585.2481603953738,1152.1098588725881,96.60015193276338,66.73691361863452,154.17254802535913,0.5951540129626719,0,0,0,0,1,2,1258.626555448816,3456.3295766177644,1658.063739747054,253.83245143832787,0,5.750592357548737,100.0,98.80969197407465,3.4008800740724108,100.0,10.0,43.07692307692308,0.0,52.81846140970064
5019.480418541626,7,7,1185.900286329921,439.79375111538303,139.73230411576336,64.36150082187798,216.271550279974,1.3945666515885722,4,0,0,0,4,3,1190.628852097891,3394.4626482823733,2886.481980474883,85.87407583274924,0,18.05602558303297,100.0,97.21086669682286,22.25466658050613,100.0,0.0,16.263736263736263,6.153846153846154,58.296922955749245
5038.841587425091,6,6,1048.7304330219597,517.7275041084484,114.0332574732901,63.43937580031009,170.776975888338,1.1907498769109097,2,0,0,0,2,4,1505.5212329675078,3106.3650246506904,1917.0418597595628,166.90655710545641,0,13.810576449657344,92.76645950156855,97.61850024617819,13.947142153776626,100.0,0.0,34.87179487179487,3.076923076923077,53.840728529811514
4902.662736435289,0,1,4902.662736435289,4902.662736435289,1000.0,1000.0,1000.0,0.0,0,0,0,0,0,0,0.0,4902.662736435289,0.0,0.0,0,0.0,100.0,100.0,0.0,100.0,0.0,0.0,0.0,50.0
5046.98594445427,6,6,941.4630724945424,625.2599000553666,133.63057899073036,74.30403678028856,177.0804549123506,1.188828355385638,2,0,0,0,4,2,1012.6815770629381,3751.5594003322,1915.6442799691406,92.9286351234144,0,13.803185982252456,100.0,97.62234328922872,13.936162030775076,100.0,10.0,34.87179487179487,3.076923076923077,52.785998655697014
5034.32592683239,9,9,1182.3973841696484,315.56622588037584,95.5908992559369,56.622337932921596,128.80651738574048,1.7877269232869912,6,0,0,0,0,9,2194.229893909007,2840.0960329233826,540.4198718656264,78.24346345251669,0,24.183565089565352,96.36171791687966,96.42454615342602,31.644153847354232,100.0,0.0,18.119658119658123,9.230769230769232,60.316724329752724
5044.435539793199,5,5,1329.296561056488,691.2143055241543,159.4989835304952,90.70218767634667,242.29577654182705,0.9911911770023292,2,0,0,0,3,2,1056.6511850292468,3589.3356981593674,2781.601233708095,119.57794197990802,0,11.889196834624343,100.0,98.01761764599534,12.806806725727593,100.0,0.0,30.76923076923077,3.076923076923077,54.35989141927317
5033.416617175391,8,8,935.6431744592561,346.04539910913354,101.62287715345343,53.380579455041406,191.21677093308213,1.5893776749378972,4,0,0,0,2,6,1931.2666714853056,2768.3631928730683,1951.9684523769442,160.4740063309505,1,29.189914134376526,94.51022674708972,100.0,31.939300999645127,99.28772086892465,10.0,35.38461538461539,13.846153846153847,62.564773117969864
5934.953163791096,0,1,5934.953163791096,5934.953163791096,1000.0,1000.0,1000.0,0.0,0,0,0,0,0,0,0.0,5934.953163791096,0.0,0.0,0,0.0,100.0,100.0,0.0,100.0,0.0,0.0,0.0,50.0
5031.845580188685,6,6,768.202478982135,417.4874052056987,99.31315571762512,58.45263705624545,183.57342017492024,1.192405431443111,2,0,0,0,2,4,2127.067162367409,2504.924431234192,1993.2494840023344,245.07201599403845,1,23.04771319785812,78.68112945110487,100.0,22.52803103681778,84.6124910152649,0.0,38.717948717948715,10.76923076923077,49.78179404946693
5031.877046335163,6,6,802.6960054143697,250.8253484621038,134.13478745474728,52.76701545811778,203.88771519520972,1.1923979749008264,4,0,0,0,3,3,2992.945245182225,1638.61967039268,2505.1934492416353,172.10160343214423,1,25.355376826541644,77.5735241962645,100.0,29.670845570861864,73.57909490459295,10.0,25.897435897435894,13.846153846153847,54.530184897959124
5035.379062889275,10,10,534.8277508148722,269.1458394906537,120.83968497081378,57.361580119020736,187.0481569356176,1.9859478055386064,6,0,0,0,4,6,1908.8498775487853,2691.4583949065373,2135.4865910831713,76.31151734139014,0,26.099799252071566,48.916267915348016,96.02810438892278,32.77684460307775,71.54129531974532,0.0,23.076923076923077,9.230769230769232,48.95104295633182
5040.146556945672,7,7,1083.9820321021687,423.89695513858675,130.95325996034035,77.49276027651061,195.68504700345343,1.3888485028978994,2,0,0,0,3,4,1473.944183706302,2967.2786859701073,1553.6099667259948,120.9329696575967,0,15.726340395761152,97.83545127260388,97.2223029942042,15.079134302273712,100.0,0.0,27.252747252747255,3.076923076923077,57.19489885943668
5041.148053970019,8,8,699.5640772355181,323.5315027046,140.17893232256424,76.08587269581405,206.47715908600844,1.5869401006185127,4,0,0,0,5,3,1384.5663957994948,2793.6599697918373,1573.281807241173,120.51856446702307,0,19.94976961776351,63.36171980253701,96.82611979876297,23.353943432105787,81.14763210419187,0.0,31.538461538461537,6.153846153846154,50.56480630116968
5033.70048215512,6,6,1030.421861671262,416.9401311159872,73.83086062944061,53.8112691340575,110.11408444570483,1.1919660339884128,3,0,0,0,0,6,2532.0596954591983,2501.640786695923,334.74819806920823,110.83933087091488,1,24.199869361493896,100.0,100.0,26.096948765648076,100.0,10.0,19.48717948717949,12.307692307692308,60.729418870532484
3716.087074224356,5,5,1160.0481549254464,473.3448488804385,190.67452310369018,147.0978697167753,242.31025380285334,1.3455013028841984,1,0,0,0,5,0,0.0,2642.8057794564734,1414.6890038481083,53.121190845455544,0,12.098081934169993,90.00343963753188,97.3089973942316,11.260007445052562,100.0,0.0,23.076923076923077,1.5384615384615385,53.63396967175268
5033.708731036589,6,6,930.6839086112753,384.26260387768343,95.35899545484921,54.145686333179164,191.96498407399264,1.191964080679818,6,0,0,0,1,5,2660.7757233816565,2305.5756232661006,2170.1614626267256,112.03522024866793,0,18.43063107953776,98.62027918651967,97.61607183864037,28.239794746741815,92.78660221763305,10.0,9.230769230769232,9.230769230769232,57.93758148647708
5035.722150105698,12,12,659.8814880727074,211.03788459135887,108.86288928008928,57.548776130248164,239.06350371717105,2.3829750018571065,4,0,1,0,3,9,2263.4775710864105,2642.4268762909974,2552.014512290911,59.8008020336481,2,53.780673084065796,53.086772957574325,100.0,55.759857153469184,77.75816073946457,8.333333333333332,38.97435897435898,21.53846153846154,57.278565035725805
5038.728496220459,6,6,986.8942975150794,513.473120120692,126.9811077358283,110.66925704261627,149.02506736202324,1.1907766025695945,0,0,0,0,2,4,1523.984156230401,3080.838720724152,150.81666250608495,131.41655380968402,0,11.502986932959978,82.39721172726759,97.61844679486082,6.804437728969111,100.0,0.0,47.69230769230769,0.0,51.193638901881975
4950.101120156014,0,1,4950.101120156014,4950.101120156014,1000.0,1000.0,1000.0,0.0,0,0,0,0,0,0,0.0,4950.101120156014,0.0,0.0,0,0.0,100.0,100.0,0.0,100.0,0.0,0.0,0.0,50.0
5033.3013055264,5,5,1535.3676254576394,487.30285913443714,119.78624027214917,58.203236024884305,180.170647730073,0.9933838044843776,2,0,0,0,2,3,2063.010192328341,2436.5142956721857,2690.0402186932924,152.5703135947082,0,11.897630017247605,100.0,98.01323239103124,12.819336025625013,100.0,10.0,30.76923076923077,3.076923076923077,54.86153227566359
5034.845527287429,8,8,518.309750398893,299.4689054132138,119.06499929718619,67.06234660604055,208.01276941522715,1.5889266029399072,6,0,0,0,2,6,2395.3602363246314,2604.6397504565457,2689.8076225348327,169.46914373010287,0,22.26510231899964,54.87926788563521,96.82214679412019,30.508152016799468,66.497333270669,0.0,12.307692307692308,9.230769230769232,47.657519889470954
5039.833095012474,7,7,996.7113974415549,431.6790112851654,115.8806402640005,63.73473884507488,192.038923671685,1.3889348849523109,2,0,0,0,2,5,1779.9593792375751,3021.753078996158,1782.1840744261306,144.62375564520542,0,15.726672634431965,86.49979369480495,97.22213023009537,15.079627914013205,100.0,0.0,38.24175824175825,3.076923076923077,53.47728253748026
5036.240493125503,6,6,1740.8397272023328,483.2025813909072,116.23270561458617,77.26553585791675,144.1672324703066,1.1913648699243085,2,0,0,0,2,4,1629.6028126979995,2899.215488345443,472.24043561498684,150.7744025870381,0,13.812941807401186,100.0,97.61727026015139,13.95065639956748,100.0,0.0,22.05128205128205,3.076923076923077,56.64687121950745
5033.425972450293,9,9,935.9073222953498,307.520350847012,101.23189919459395,53.403256461632026,191.27368048316146,1.7880465609825513,6,0,0,0,2,7,2065.4303504150025,2767.6831576231084,1714.3027802793426,144.37113515275894,1,33.41556369608673,89.07274524331864,100.0,40.21740891990029,99.29626358799808,10.0,30.51282051282051,16.923076923076923,63.250045725661444
5022.582581456643,6,6,1211.2903771879448,391.43863611913997,89.67895030872756,60.73372550119957,116.28246180069121,1.1946045490923292,2,0,0,0,0,6,2673.9507647418027,2348.6318167148397,435.167336285454,150.22509903731643,1,23.056171342662804,100.0,100.0,22.540597423384735,100.0,0.0,38.717948717948715,10.76923076923077,55.586844418096874
5028.165425296364,3,3,1738.6691342057113,1030.2400880211328,114.10570362756623,61.33624875280912,195.89077376981086,0.5966390813053206,0,0,0,0,1,2,1898.7658388835896,3090.7202640633986,3438.4396651005845,129.56814062566357,0,5.756304158866618,100.0,98.80672183738936,3.409366178887546,100.0,10.0,43.07692307692308,0.0,52.819572763042785
5033.217665092352,4,4,1796.8954786362935,734.2270104597662,89.26737863318169,69.00709750774068,100.21375033307396,0.7947202497801386,2,0,0,0,0,4,2096.309623253289,2936.908041839065,159.77066698209055,268.6706844225403,0,9.979693268385148,100.0,98.41055950043972,11.684115713029364,100.0,10.0,25.384615384615383,3.076923076923077,55.87055438472557
5032.499050709825,7,7,903.4682161139639,229.22516018177026,90.13037692826437,53.202758880616095,181.58363735710387,1.3909590303872315,2,0,1,0,1,6,3411.6958278518687,1604.576121272392,1866.1864471403956,242.9902771017853,1,32.65753473225858,69.63548482446681,97.21808193922554,34.37690874506989,81.62556269122948,8.333333333333332,42.08791208791209,10.76923076923077,50.72911451573101
5027.948629110219,6,6,435.1098637570214,183.844818188044,76.36531119203784,53.64601286459629,154.13892117540468,1.1933296146388437,2,0,1,0,1,5,3907.939740967958,1103.068909128264,1249.7246898712147,188.29281454800642,1,30.74357544091863,42.98403788740629,97.61334077072232,33.247597797936244,43.714909705511616,8.333333333333332,38.717948717948715,10.76923076923077,40.71828843913394
4405.989168014344,2,2,3137.304359524589,2014.7754965536255,249.35069357670895,248.93860685237894,249.76278030103896,0.45392757987676674,2,0,0,0,2,0,0.0,4405.989168014345,0.1698154683690374,43.23897482372098,0,6.361259922602949,100.0,99.09214484024646,9.736729027867238,100.0,0.0,3.076923076923077,3.076923076923077,52.85398316691876
5037.191181084807,8,8,743.8237731774406,303.5466573937802,87.04899824928742,57.258859819417836,117.81917774499851,1.5881866922265842,6,0,0,0,0,8,2608.817921934565,2428.3732591502417,626.5337945209737,99.524948295779,0,22.262256508563784,80.80884094124575,96.82362661554683,30.503923955580483,81.96656166716593,10.0,12.307692307692308,9.230769230769232,51.88980362684081
5033.6682791882995,7,7,895.7419679495133,387.5420294293011,100.56291933453717,54.000235308755656,237.53767604947205,1.3906359362100793,4,0,0,0,1,6,2183.069607129614,2850.5986720586875,3929.163208126122,117.63731660464575,0,18.040907446961842,93.57340587394484,97.21872812757984,22.23220534977188,95.88672061003565,10.0,16.263736263736263,6.153846153846154,54.09733463420908
5033.599351791795,10,10,1106.8279711251796,243.8480905431307,93.17583527634403,53.950020401437754,143.09914854308767,1.986649969755803,6,0,0,0,3,7,2227.60967121408,2438.480905431307,1134.6361553050158,118.37407292461725,1,35.33326911444539,86.20199793751283,100.0,41.35228554146173,100.0,0.0,26.923076923076923,16.923076923076923,59.86792620112324
5032.580980420462,10,10,645.1116069039128,282.6089449917437,115.85536634522433,56.73544752613567,192.22846411443152,1.9870519796711787,5,0,0,0,3,7,1955.5659695511522,2826.0894499174374,1706.7250459795655,82.23560902239937,1,34.18096915258146,56.79368620742235,100.0,37.78315416954959,80.68863312582668,0.0,23.076923076923077,15.384615384615385,54.25613826698624
5034.516213875819,7,7,793.873636128066,305.56886734986887,84.78556922393959,53.78563591180845,145.5261956482582,1.3904017193761415,6,0,1,0,1,6,2718.073189949217,2138.982071449082,1164.1834030364944,174.81072199527884,0,28.040006612985163,76.09301482547409,89.21919656124771,40.08800982500652,81.44467002785882,18.333333333333332,16.263736263736263,9.230769230769232,51.4131031959706
5034.824957226244,5,5,1217.9878202962122,521.2834554509249,103.16938668276414,67.2735706401283,208.48274697780138,0.9930831841181964,4,0,0,0,1,4,2254.4450405344946,2780.3799166917515,2846.078676894901,255.65599071374066,0,14.204166092762293,100.0,98.0138336317636,19.960475337818266,100.0,0.0,15.384615384615385,6.153846153846154,56.80636225097197
5035.716796504379,9,9,500.0243075016154,182.35159341799715,107.1136595517446,57.39743460079108,177.97286391367965,1.7872331514447934,6,0,0,0,3,6,2932.6309512542325,1641.1643407619742,1854.1471869753254,82.27276570667999,2,42.64320442863382,43.65252990090904,100.0,48.78418943682739,55.21714504360068,0.0,25.811965811965816,24.615384615384617,48.64848761388722
5033.169761994533,5,5,602.6008125968935,307.7592907066497,70.74560112286149,53.03402796810217,133.64780665668326,0.9934097668938177,2,0,1,0,1,4,3477.42013457344,1538.7964535332487,996.5012931411954,222.27102877980846,0,19.590037564976225,57.32862947120668,90.01318046621236,23.5337700965361,60.69067355356955,8.333333333333332,30.76923076923077,3.076923076923077,39.93828634621517
5033.62164244939,9,9,1107.5738509609328,270.97616975712816,97.84755388615959,53.00004774337921,162.16806031491356,1.7879770549501506,4,0,1,0,3,6,2378.8706993361766,2438.7855278141533,1501.7378685578406,131.3028010598671,1,38.79991174980827,83.08067189403488,96.4240458900997,43.78844031400086,100.0,8.333333333333332,39.05982905982906,13.846153846153847,57.761740162664054
5034.4175871375055,12,12,601.5599057193041,189.9213733033847,109.06893868813813,55.342199589993065,224.43724219982008,2.3835924994897018,4,0,0,0,2,10,2511.020552585196,2420.5837428078416,1900.1915423774105,57.73124691664379,2,46.0907403826527,48.92094564661696,100.0,45.04909999708401,70.49141344316183,0.0,45.38461538461539,21.53846153846154,53.398005376899725
4139.752012244623,4,4,915.9255730232735,641.5145034785659,126.15457248653573,105.59755212557504,137.8175104981915,0.9662414531519613,0,0,0,0,2,2,793.7215037344647,2566.0580139142635,151.4988069472502,137.01945767644048,0,8.331697896738312,92.2089695016624,98.06751709369608,5.521379732296921,95.27581172040843,0.0,44.61538461538462,0.0,51.21554037962221
5035.699162288156,8,8,499.7774101183346,205.04532743388788,106.65443028155467,57.95388808726869,178.89051896221852,1.5886572533782783,6,0,0,0,3,5,2862.2415761867746,1640.362619471103,2111.934372556926,89.34845530676697,1,31.494835589916452,44.62695786559533,100.0,39.07804144787587,55.189995600837015,0.0,16.153846153846153,16.923076923076923,44.930266770323975
5028.140369748625,3,3,1813.1726913577193,1054.233856629972,101.14232450040284,61.51735028412844,155.19426071028556,0.5966420543963415,0,0,0,0,1,2,1519.5698890510184,3162.7015698899163,1566.6292073475536,124.31876355367496,0,5.756315593832083,100.0,98.80671589120732,3.4093831679790942,100.0,10.0,43.07692307692308,0.0,52.81957498796034
5032.397326756879,10,10,633.8734844108844,175.63471866788487,84.95021319142477,54.91210351941196,184.817072711958,1.9871244956813625,6,0,0,0,2,8,3005.66512671448,1756.3471866788486,1566.6502395292582,108.68816215988754,2,44.56586344492832,48.84810602934889,100.0,49.92642568960778,65.67619478311028,0.0,30.76923076923077,24.615384615384617,54.783993539111606
5033.347562309881,5,5,803.1927679408573,354.2661071960875,67.11667336301353,52.905290406139855,88.53896571860872,0.9933746752241807,2,0,0,0,0,5,3262.017026329447,1771.3305359804374,192.47877305039614,269.892906950211,0,11.897594904708386,71.65662628148979,98.01325064955164,12.81928385842389,77.16392500912964,0.0,30.76923076923077,3.076923076923077,43.4092432009776
5047.484751686652,5,5,1848.9454301161047,767.0700937972294,127.28800973009325,77.68902719791724,173.08645806460413,0.9905923932368919,2,0,0,0,3,2,1021.638273713962,3835.3504689861475,1641.8562841205433,106.89497707451247,0,11.886893820141891,100.0,98.01881521352621,12.80338510421081,100.0,0.0,30.76923076923077,3.076923076923077,51.3594433184553
5040.697488405446,3,3,1586.4609700746043,1152.2918444900042,96.58135946299537,66.67145809997191,154.11755712621965,0.5951557313051546,0,0,0,0,1,2,1258.1820335940881,3456.8755334700127,1656.0761627846325,253.82835973635986,0,5.750598966558288,100.0,98.80968853738969,3.4008898931723124,100.0,10.0,43.07692307692308,0.0,52.81846269562507
3737.7284005036513,0,1,3737.7284005036513,3737.7284005036513,1000.0,1000.0,1000.0,0.0,0,0,0,0,0,0,0.0,3737.7284005036513,0.0,0.0,0,0.0,100.0,100.0,0.0,100.0,0.0,0.0,0.0,50.0
5032.54387561269,6,6,1037.3089125242063,262.11584682876645,78.53973758455673,53.31386094030083,185.84146154546173,1.1922399780905093,2,0,1,0,1,5,3242.5734038428964,1572.6950809725988,2307.1276218771513,192.99932026588752,1,30.73938453111734,94.33158898982427,97.61552004381898,33.241371303374336,90.12319524791508,18.333333333333332,38.717948717948715,10.76923076923077,56.127811782550836
5019.98389914975,4,4,1598.102532269928,741.7982779431094,110.2010652529219,71.35959797066081,174.71975201846348,0.7968153046621309,2,0,0,0,1,3,1644.527732890012,2967.1931117724375,1504.9957818049677,237.43093810869374,0,9.987751171777427,100.0,98.40636939067574,11.696087455212176,100.0,10.0,25.384615384615383,3.076923076923077,55.8721222224999
5033.620901034314,7,7,1040.6150894604702,358.5082815092138,88.64671212261932,53.22399282783387,182.90375049043584,1.3906490253490549,4,0,0,0,1,6,2456.909067184669,2509.557970564497,1779.388661103803,94.64904924085548,0,18.040957789804057,100.0,97.21870194930189,22.232280144851742,100.0,10.0,21.75824175824176,6.153846153846154,59.06871646842056
5024.621349594867,9,9,771.9189798445744,271.40064636888326,103.21231006934563,52.50272262239905,198.454014741656,1.791179747450157,4,0,0,0,2,7,2481.320178949359,2442.6058173199494,2599.9263556047654,138.0961425681587,0,21.889152874808296,77.3592922111204,96.41764050509968,24.52102712828661,84.02934288723762,10.0,35.21367521367522,6.153846153846154,50.06217254439376
8027.847737749374,0,1,8027.847737749374,8027.847737749374,1000.0,1000.0,1000.0,0.0,0,0,0,0,0,0,0.0,8027.847737749374,0.0,0.0,0,0.0,100.0,100.0,0.0,100.0,0.0,0.0,0.0,47.0
5033.352666704565,6,6,1435.4175612531465,361.57426901632357,80.45788082730077,58.86742613484101,116.70034871440305,1.1920484013945158,4,0,0,0,0,6,2863.907052606625,2169.4456140979414,383.58184545365003,260.94851597831376,1,25.35403231305583,100.0,100.0,29.668848007968663,100.0,10.0,25.897435897435894,13.846153846153847,61.65716913493473
5033.5120864896,10,10,536.200230585969,220.10541608457947,96.41319702107003,53.15137495877512,154.21564518868334,1.9866844120312936,2,0,1,0,2,8,2581.6439362092606,2201.0541608457947,1220.0868680601964,96.86623041499263,0,29.179555430889593,49.01430218471207,88.02663117593741,29.209625211607392,65.09407085034188,8.333333333333332,30.76923076923077,3.076923076923077,44.32446395193263
5032.468917011462,5,5,869.5299131461007,300.6493897114059,94.06787645515881,53.21410862707298,182.66144580089065,0.9935481137495542,0,0,0,0,1,4,3462.923454543082,1503.2469485570293,2404.1104326420605,161.65320182579836,1,18.821338899036746,76.39499379615006,100.0,14.24884636428317,78.01195352383378,0.0,50.0,7.6923076923076925,47.21289496751261
4148.2529266883685,0,1,4148.2529266883685,4148.2529266883685,1000.0,1000.0,1000.0,0.0,0,0,0,0,0,0,0.0,4148.2529266883685,0.0,0.0,0,0.0,100.0,100.0,0.0,100.0,0.0,0.0,0.0,47.0
5032.787507226278,4,4,601.2041715495131,342.3511553315523,80.66601423569495,53.0854196230699,107.80497721030291,0.7947881753912002,2,0,0,0,0,4,3663.3828859000646,1369.4046213262093,469.28102097086276,304.17054013138005,0,9.979954520735385,60.80029796782237,98.4104236492176,11.684503859378287,58.33900638765033,0.0,25.384615384615383,3.076923076923077,40.36456544929809
5035.096338379238,10,10,1002.3522663231427,242.65814484269677,100.55618985412106,55.23496105071806,196.69751503122686,1.9860593180266597,8,0,0,0,1,9,2573.420472411618,2426.5814484269677,1642.5438115658883,61.36579776476051,1,37.63868968471792,85.88230473736733,100.0,48.49176753158091,99.17790373390241,10.0,26.923076923076923,20.0,64.43538537288333
5032.531364306694,5,5,1169.1494575525137,461.0781766190322,87.21775495540912,57.25898716041263,116.39682774764624,0.9935357850847343,2,0,0,0,0,5,2727.140481211535,2305.390883095161,395.29307715281885,213.35860290625018,1,21.12898378878744,100.0,100.0,21.39163305762705,100.0,0.0,34.61538461538461,10.76923076923077,54.5777416433116
5033.4679630299515,8,8,672.3336302091241,216.29788574089295,102.41233220998078,57.110978099018105,217.17367130250582,1.5893614618705771,6,0,1,0,3,5,2717.154755365753,1836.5130705006786,2858.857253818169,186.2580767394579,1,39.18985177642529,56.95240215779458,96.82127707625885,49.79635121068902,67.8940164929702,8.333333333333332,25.769230769230766,16.923076923076923,51.15353243492246
5032.438822405493,6,6,869.8394738145455,261.7957435148932,92.40336640634094,53.10557160410953,172.05817564362036,1.1922648663480453,0,0,0,0,1,5,3362.1347682815885,1570.7744610893594,1699.5503603210936,184.73662651096183,1,20.739480255184787,74.03615289151514,100.0,15.384370664845976,78.9329577354945,0.0,51.53846153846153,7.6923076923076925,47.71142391815326
5028.416642251242,6,6,652.3843838879396,280.3635195895782,100.59762942799158,54.933371107025664,204.7188283795185,1.1932185470839936,2,0,1,0,1,5,3258.9831611803606,1819.4334810708813,2435.804391601842,159.14318944509932,0,21.51237902724613,64.45602742056712,89.61356290583201,24.67553455476568,65.92137382636223,8.333333333333332,34.87179487179487,3.076923076923077,42.8145683215821
5031.669515246873,7,7,736.7639026183007,368.04391198453357,120.40544366453727,52.97120748709957,176.89180255989314,1.3911883478811016,4,0,0,0,4,3,1986.810356504595,2576.307383891735,2321.8049051782473,102.81249136245353,0,18.043032107235003,78.13619712579698,97.21762330423779,22.23536198789201,83.46835862644318,0.0,27.252747252747255,6.153846153846154,52.81792063385539
5035.611544948655,10,10,640.8181754118411,237.7664603493444,101.48434607341744,58.164892581897156,166.70348915472874,1.9858561191105466,6,0,1,0,2,8,2530.4450788112476,2377.6646034934442,1335.7586552593405,96.64511703828224,2,52.2532927658098,52.915583957988645,100.0,60.63346353777456,74.42340640736866,8.333333333333332,38.46153846153847,24.615384615384617,59.49731052149634
5032.5821025106325,10,10,609.4233950926952,286.10403049883917,109.61524908293013,57.59940706246761,166.33849904705838,1.9870515366279358,5,0,0,0,2,8,1992.2875180748458,2861.0403049883917,1031.573195453317,95.12509065491443,1,34.180967448568985,54.244528220906794,100.0,37.78315163787392,78.7754304060249,0.0,23.076923076923077,15.384615384615385,53.5549858889335
4717.35485389017,0,1,4717.35485389017,4717.35485389017,1000.0,1000.0,1000.0,0.0,0,0,0,0,0,0,0.0,4717.35485389017,0.0,0.0,0,0.0,100.0,100.0,0.0,100.0,0.0,0.0,0.0,47.0
5032.807969613938,9,10,430.8214644572639,248.79041990983106,121.80432957314068,62.038261382949365,162.39703009174536,1.788266123869292,4,0,0,0,5,4,1360.9817495069906,2487.9041990983105,1007.0948530116794,111.89445300654248,0,21.877946630266507,38.70946968345536,96.42346775226142,24.50437785068167,61.893486951795076,0.0,35.21367521367522,6.153846153846154,42.61644203030708
5036.532536246392,4,4,1594.3372967695361,786.8682888857105,94.2875680082748,60.634909796291154,146.58083377902332,0.794197192455964,0,0,0,0,1,3,1811.1431439550315,3147.473155542842,1259.6679509414312,49.36525327284013,0,7.669989201753707,100.0,98.41160561508808,4.538269671176938,100.0,10.0,44.61538461538462,0.0,53.6174157011676
5033.64322706018,11,11,1108.2755988699773,218.57229863696955,117.31052119702113,54.04571954583412,196.9369352907228,2.185295918643081,6,0,0,0,6,5,2162.999485534798,2404.295285006665,2541.832994863521,104.41881563093983,2,46.48190737939647,85.65604926993345,100.0,51.058833820817604,100.0,0.0,28.11188811188811,24.615384615384617,63.24574297934156
4557.744737190737,0,1,4557.744737190737,4557.744737190737,1000.0,1000.0,1000.0,0.0,0,0,0,0,0,0,0.0,4557.744737190737,0.0,0.0,0,0.0,100.0,100.0,0.0,100.0,0.0,0.0,0.0,50.0
3921.651034128822,1,1,3729.163615488764,3729.163615488764,197.8408959653428,197.8408959653428,197.8408959653428,0.25499464161837276,0,0,0,0,1,0,0.0,3729.163615488764,0.0,53.590675646854535,0,2.13459477545528,100.0,99.49001071676325,1.457112237819273,100.0,0.0,40.0,0.0,50.763902583452875
